"","ID","C9ORF72","NPDx1","Sex","DiseaseDuration","AgeatDeath","ClinicalPhenotype1","ALSSymptomOnsetSite","MFNeuronLoss","MFTDP43","MCNeuronLoss","MCTDP43","SMTNeuronLoss","SMTTDP43","CingNeuronLoss","CingTDP43","CSNeuronLoss","CSTDP43","rs11185393","rs2068667","rs515342","rs9820623","rs13079368","rs1768208","rs757651","rs3828599","rs10463311","rs17111695","rs538622","rs10488631","rs7813314","rs17070492","rs10511816","rs3849942","rs3849943","rs13302855","rs10869188","rs870901","rs732389","rs7118388","rs12803540","rs117027576","rs118082508","rs113247976","rs116900480","rs74654358","rs17446243","rs1578303","rs10492593","rs10143310","rs10139154","rs12886280","rs6603044","rs9901522","rs739439","rs2285642","rs7224296","rs2240601","rs4239633","rs12608932","rs12973192","rs75087725"
"1","03868426f20e5a8d81eefda4d463fc72d6aa2183f084e113202a82e064a643c5","Absent","Amyotrophic lateral sclerosis","Male",3.54794520547945,40,"ALS","Limb",0,1,2,2,0,0,0,1,1,0,0,0,1,2,0,0,0,0,0,2,2,0,2,2,2,1,1,0,1,0,0,1,0,0,0,0,0,0,0,0,1,0,1,2,2,0,0,1,1,0,1,1,1,0
"2","050b0388cd15407786bfcc2c9f50516faf5d0499359bf29eee13ea8e6b97711f","Absent","Amyotrophic lateral sclerosis","Female",2.2958904109589,60,"ALS","Limb",0,0,2,3,0,0,0,0,1,0,2,0,0,1,1,1,0,0,0,0,0,0,1,1,0,0,0,0,2,0,0,1,0,0,0,0,0,0,0,0,0,0,1,1,1,0,0,1,2,1,1,2,1,0
"3","0a89cc810fa1765cf1347f0b467e814017a6b55c1196b96a6db0e78646451947","Absent","Amyotrophic lateral sclerosis","Male",6.13424657534247,59,"ALS","Limb",0,0,0,0,0,0,0,0,0,0,1,0,0,0,0,0,0,1,1,1,0,1,0,0,0,1,1,0,2,0,2,0,1,0,0,0,0,0,0,0,0,0,2,1,0,1,0,1,1,1,1,1,1,0
"4","0f590389ec14d37309970ad5efd767d30f61b733e68eb7e1817c6fc6ecc8f160","Absent","Amyotrophic lateral sclerosis","Female",2.65205479452055,81,"ALS","Bulbar",0,1,1,2,0,1,1,3,1,2,1,0,0,1,1,1,0,1,1,0,2,0,0,0,0,0,0,0,1,0,2,0,1,0,0,0,0,0,0,0,1,0,0,1,2,0,0,2,1,1,1,1,1,0
"5","14c501cb72a7b3646116af192fcb7a5838afed6540ce56eb5eb55d89dfec8497","Absent","Amyotrophic lateral sclerosis","Male",7.26301369863014,63,"ALS","Limb",0,0,2,2,0,0,0,0,0,0,0,0,1,2,1,0,0,0,0,0,0,0,1,1,1,1,1,0,1,0,0,1,0,0,0,0,0,0,1,0,0,0,1,2,2,0,0,1,1,1,1,1,1,0
"6","1524356f9b6866823e3360b4ad78806e3e63dfea0062ccda4312301b964eb2e9","Absent","Amyotrophic lateral sclerosis","Female",5.29041095890411,48,"ALS","Limb",0,0,1,0,0,0,0,0,0,0,0,1,0,1,2,0,0,1,1,0,2,1,0,0,0,1,1,0,0,0,1,1,0,0,0,0,0,0,0,1,0,0,0,2,1,1,0,1,1,0,0,0,0,0
"7","1801c745c2648a32ae43d1ef2f40ca8fbb69e08d5f20659fea4e39d127ed42db","Absent","Amyotrophic lateral sclerosis","Male",9.43835616438356,53,"ALS","Bulbar",1,3,2,3,2,2,2,2,0,0,0,1,1,1,1,1,0,0,0,0,0,0,0,0,1,1,1,0,1,0,0,1,0,0,0,0,0,0,0,2,1,0,1,0,2,0,1,1,0,2,2,2,2,0
"8","1864241352cb1d9d171555b6334aa22a952fc72dddbbe4c935c55366e720df94","Absent","Amyotrophic lateral sclerosis","Male",1.16438356164384,79,"ALS","Bulbar",0,0,0,0,0,0,0,0,1,0,1,0,1,1,0,0,0,0,1,0,0,0,0,0,1,1,1,0,2,0,1,1,1,0,0,0,0,0,1,1,0,0,1,0,2,0,2,1,1,1,1,1,1,0
"9","1a135d690a99ade6945c48bdab3553a64d46a5f076ca7b62133b238377c46c39","Absent","Amyotrophic lateral sclerosis","Male",6.14794520547945,57,"ALS","Limb",0,0,NA,2,0,0,0,0,0,0,1,1,0,1,2,0,0,0,0,0,0,0,0,0,2,0,0,1,1,0,0,0,0,0,0,0,0,0,0,1,0,0,0,1,0,0,0,1,0,0,0,1,1,0
"10","1da16748568c212cc937154c123c06e18a083c27c985ab7c958ad2860071db4b","Absent","Amyotrophic lateral sclerosis","Male",2.96164383561644,67,"ALS","Bulbar",0,0,1,0,0,0,0,0,0,0,0,1,1,1,1,0,0,0,0,0,0,1,0,0,1,0,0,0,1,0,2,1,0,0,0,0,0,0,0,0,0,0,2,2,1,1,0,0,1,0,1,1,1,0
"11","1f940f07921752a2256750ca961f431c3f0cdf70f57d5f52601b0a73693f2f02","Absent","Amyotrophic lateral sclerosis","Male",9.77808219178082,74,"ALS","Limb",0,1,0,2,0,0,0,0,0,0,2,0,0,1,1,1,0,1,1,1,1,0,0,0,0,0,0,1,1,1,1,1,0,0,0,0,0,0,0,0,0,0,1,0,1,0,1,1,1,1,1,1,1,0
"12","20088af4be498d589c31f85904bca0c2b66829706b94aa92dbd45cac43a10789","Expansion","Amyotrophic lateral sclerosis","Male",2.63835616438356,54,"ALSci","Limb",0,1,1,3,0,1,0,2,0,1,1,1,0,0,0,0,0,1,1,1,1,0,0,0,1,1,1,0,1,1,2,1,0,0,0,0,0,0,0,0,1,0,0,1,1,0,0,1,1,0,1,1,1,0
"13","2232e8f3bbdddb4f4a106ccec50ac81697c223c60a957748529b30b189e6e3c0","Expansion","Amyotrophic lateral sclerosis","Male",2.14794520547945,57,"ALS-FTD","Limb",0,0,2,3,0,2,2,3,1,2,1,0,0,0,0,1,0,1,1,1,1,0,0,0,0,1,1,0,1,0,1,0,0,0,0,0,0,0,0,1,0,0,1,0,1,0,0,0,1,1,1,1,1,0
"14","24fa87e34d7d966ca3c77d65954502504264459cb1048692afdb3b032c8e12f1","Absent","Amyotrophic lateral sclerosis","Female",3.98356164383562,57,"ALS","Limb",0,0,0,0,0,0,0,0,0,0,2,1,0,1,0,1,0,0,0,0,0,1,2,2,0,0,0,0,1,0,0,1,0,0,0,0,0,0,2,1,0,0,0,1,2,0,0,1,0,1,1,1,1,0
"15","26bca990b2705a4ec92e4e0e5df1897a8399dd93ca920ad81c582ff361824e14","Absent","Amyotrophic lateral sclerosis","Male",5.18082191780822,76,"ALS","Limb",1,0,1,1,0,0,1,1,1,NA,1,0,0,0,0,2,0,0,0,0,1,0,0,0,2,2,2,0,1,1,0,1,1,0,0,0,0,0,0,0,1,0,0,0,1,0,0,1,0,0,1,1,1,0
"16","2889846075841d98639dea2dc8995604e8d982c9f1871153aa35839d967c00d6","Absent","Amyotrophic lateral sclerosis","Male",19.5534246575342,47,"ALS","Limb",0,2,1,3,0,1,0,2,1,0,0,2,0,0,0,1,0,0,0,0,2,1,0,0,0,0,0,0,2,0,0,0,0,0,0,0,0,0,0,0,0,0,1,1,1,0,0,0,0,0,0,0,0,0
"17","28ceca80585fd998bc7ef390fcd2e162a67271871762cbefcc46eb30d16531a8","Absent","Amyotrophic lateral sclerosis - dementia","Female",2.81095890410959,59,"ALS-FTD","Bulbar",2,3,3,3,2,2,2,3,2,2,2,1,0,0,0,2,0,0,0,1,0,1,0,0,1,1,1,0,0,2,0,1,0,0,0,0,0,0,0,0,0,0,1,1,1,0,0,0,2,0,2,2,2,0
"18","2bba73ad55b08c0ab55bb162448203860721c9c790b09d8af832456fde219964","Absent","Amyotrophic lateral sclerosis","Female",1.19178082191781,56,"ALS","Bulbar",0,0,0,0,0,1,0,1,2,1,0,1,0,1,1,1,0,1,1,0,2,1,0,0,0,0,0,0,1,0,1,1,0,0,0,0,0,0,0,0,0,0,1,1,0,0,0,2,0,1,0,0,0,0
"19","2dd27aec5358a45e2ea21c01c12a3118b576bf96f70b46a32fd6b8505cb0590e","Absent","Amyotrophic lateral sclerosis","Female",0.967123287671233,56,"ALS","Limb",0,0,2,2,0,0,0,0,0,0,0,1,0,1,1,1,0,2,2,1,1,0,0,0,1,1,1,0,2,0,0,1,0,0,0,0,0,0,0,1,0,0,1,1,0,0,1,1,1,0,2,2,2,0
"20","2e9fff4e2dca85770a7b51bc311e0a28d9ee89b0a15338c7cff29795a2b45d7f","Absent","Amyotrophic lateral sclerosis","Male",2.11506849315069,68,"ALS","Limb",0,3,0,3,0,NA,0,3,2,NA,2,0,0,1,1,0,0,0,0,0,1,0,0,0,0,0,0,1,1,0,0,1,0,0,0,0,0,0,0,1,0,0,0,1,0,0,0,1,1,1,1,1,1,0
"21","2f3a60f82a04800063058963637512b12087f9229268ed5e2e5d849768adf689","Expansion","Amyotrophic lateral sclerosis","Female",5.2027397260274,59,"ALS","Limb",0,1,0,2,0,NA,0,0,0,0,1,0,1,0,0,2,0,2,2,0,0,0,0,0,2,1,1,1,2,0,1,0,1,0,0,0,0,0,0,1,0,0,0,2,0,0,0,1,0,1,1,1,1,0
"22","31c0c435ff286f5d1712392193f401493294406e13e148257abfbefa7b11ae49","Absent","Amyotrophic lateral sclerosis","Male",5.75616438356164,65,"ALS","Limb",0,0,1,0,0,0,0,0,0,0,0,0,0,1,1,0,0,1,1,0,1,1,0,0,1,1,1,0,1,0,0,0,0,0,0,0,0,0,1,0,0,0,1,1,1,0,0,1,2,0,1,1,1,0
"23","3268cb639a484cba94f03fed2c7d5317631b0988ec7f18141a3a772875995b0f","Absent","Amyotrophic lateral sclerosis","Male",8.59178082191781,76,"ALS","Limb",0,0,0,0,0,0,0,0,1,0,0,1,1,0,0,1,0,1,1,1,1,0,1,1,1,1,1,0,2,0,0,2,0,0,0,0,0,0,1,0,0,0,1,1,0,0,1,1,0,0,1,1,1,0
"24","34ed89b19a13eef8bd5f1b25069417f33bdea0dc072064696721644b19ae0b8e","Absent","Amyotrophic lateral sclerosis","Male",2.48767123287671,67,"ALS","Bulbar",1,0,2,3,1,0,1,0,1,0,1,2,0,0,0,0,0,1,0,1,2,0,0,0,1,1,1,1,1,0,1,1,1,0,0,0,0,0,1,0,0,0,1,1,0,0,2,0,1,0,0,0,0,0
"25","34f2b96bcd4fb212637f5b64bad987e9e3d85487b2f4129f9574191b374c6aff","Absent","Amyotrophic lateral sclerosis","Male",1.6958904109589,65,"ALS","Bulbar",1,2,1,2,1,3,2,3,0,1,1,1,1,0,0,2,0,1,1,1,2,0,0,0,1,1,1,0,1,0,1,1,0,0,0,0,0,0,0,0,0,0,0,2,1,0,0,1,1,1,1,1,1,0
"26","388c3d53a7ee0fe3e65e8640d1122396c3764e8689918481fd7e09e679c3d04e","Absent","Amyotrophic lateral sclerosis","Female",2.34520547945205,82,"ALS","Bulbar",0,0,NA,2,0,0,0,0,0,0,2,1,0,0,0,2,0,1,1,0,1,0,0,0,1,1,1,0,1,0,0,1,0,0,0,0,0,1,0,0,1,0,1,1,1,0,1,1,0,0,0,0,0,0
"27","39e5ab7d98e7947d447a30d5987336c3963aa0e997a458587f182e24c83ac005","Absent","Amyotrophic lateral sclerosis","Male",4.87671232876712,63,"ALS","Limb",0,0,2,3,0,0,0,0,0,0,2,0,0,0,0,1,0,0,0,0,0,0,1,1,1,2,2,1,0,0,0,1,0,0,0,0,1,0,0,1,0,0,0,0,0,1,0,2,0,0,0,0,0,0
"28","3e544be11db6daa5022c02a328464d874c0eeac429d60f6b641df474b868286f","Absent","Amyotrophic lateral sclerosis","Female",2.26849315068493,75,"ALS","Bulbar",0,0,1,1,0,0,0,0,0,1,1,0,0,2,2,0,0,0,0,0,1,0,0,0,0,1,1,0,2,0,1,0,0,0,0,0,0,0,0,0,0,0,1,0,2,1,0,2,2,1,0,0,0,0
"29","3e819383756747b25aa0e3a04ff82ba509b021f50a79c2b789551aed98241a3b","Absent","Amyotrophic lateral sclerosis","Male",4.87945205479452,63,"ALS","Limb",0,0,1,2,0,0,0,0,0,0,1,1,0,2,2,0,0,1,1,0,0,2,0,0,1,0,0,0,2,0,1,1,0,0,0,0,0,0,1,0,0,0,1,0,2,0,0,1,2,0,0,0,0,0
"30","4155ebef7cb43c0ccca180b5dbdae67b0053b514b5b649f714cc3b4310dcfe3a","Absent","Amyotrophic lateral sclerosis","Male",8.26301369863014,63,"ALS","Bulbar",0,0,0,0,0,0,0,0,1,0,2,1,0,1,1,0,0,0,0,0,0,2,0,0,1,1,1,1,1,0,1,1,0,0,0,0,0,0,0,0,1,0,1,2,0,1,0,0,0,0,2,2,2,0
"31","41fb3c2eeeebfed6646da08088f01df9f35d532d389347a2240fe3cf82a52453","Absent","Amyotrophic lateral sclerosis","Male",6.04657534246575,51,"ALS","Limb",0,0,1,2,0,0,0,0,0,0,1,0,1,1,1,1,0,0,0,0,1,1,0,0,1,0,0,0,1,0,0,2,0,0,0,0,0,0,0,0,0,0,0,2,0,0,1,1,0,1,1,1,1,0
"32","4ccb777a5a88eb208b37f4823b86e314c7e99782973838f004efc34169f276b2","Absent","Amyotrophic lateral sclerosis","Male",1.40821917808219,73,"ALS","Unknown",0,0,1,0,0,0,0,0,0,0,2,0,1,1,1,1,0,2,2,0,0,1,0,0,1,0,0,0,1,1,1,1,1,0,0,0,0,1,1,1,0,0,0,0,0,0,0,1,1,0,0,0,0,0
"33","51b4e940ab9ff0d048c21c5843b8f30808832f28045a80eca886adc999e5c119","Absent","Amyotrophic lateral sclerosis","Female",13.0082191780822,43,"ALS","Limb",0,0,1,0,0,0,0,0,0,0,1,1,0,0,1,1,0,0,0,0,1,0,0,0,1,1,1,1,1,1,1,1,0,0,0,0,0,1,1,0,1,0,1,1,1,0,0,1,0,0,1,1,1,0
"34","520f036700a2b689170cc6432124410baa51727d240e3adec177c48e953df223","Absent","Amyotrophic lateral sclerosis","Male",1.83287671232877,48,"ALS","Limb",0,0,NA,3,0,0,0,0,0,0,1,0,0,1,1,1,0,1,1,0,1,0,0,0,1,0,0,0,1,0,1,0,0,0,0,0,0,0,0,0,0,0,0,1,1,0,1,1,1,1,1,1,1,0
"35","52e057bf60c126831c6e3a9ddffa39e918815e36afe2fa7965a1dd570bc80fd1","Absent","Amyotrophic lateral sclerosis","Female",12.158904109589,66,"ALS","Limb",0,0,1,3,0,0,1,0,0,0,1,1,0,2,2,0,0,0,0,0,2,0,1,1,0,0,0,0,1,0,1,0,0,0,0,0,0,0,0,1,0,0,1,0,1,0,0,0,0,0,0,0,0,0
"36","53a88a0b589dc3bf8411bf33e8adcf7ef0b4e19cbf3275a4601f1e21931ee287","Absent","Amyotrophic lateral sclerosis","Male",6.27671232876712,81,"ALS","Limb",0,0,1,2,0,0,0,0,1,0,2,1,2,0,1,1,0,0,0,0,2,0,0,0,1,1,1,0,1,2,2,2,0,0,0,0,0,0,0,2,0,0,1,0,1,0,0,2,0,1,1,1,1,0
"37","5bfdeb687c2eee5d200a347920874f9b7e61e6693eb5dce6bd73a23e2c6ba275","Absent","Amyotrophic lateral sclerosis","Female",3.43013698630137,71,"ALS","Limb",0,0,0,0,0,1,0,1,1,1,1,0,1,2,2,0,0,0,0,1,1,0,0,0,1,1,1,0,1,0,0,1,0,0,0,0,0,0,0,1,1,0,0,1,2,0,1,1,0,0,0,0,0,0
"38","5db366934bb0d01e63e604831fda61c8cff9ca0a952d0d45061d808bcbadfbfa","Absent","Amyotrophic lateral sclerosis","Male",3.43561643835616,62,"ALS","Limb",0,0,1,1,0,0,0,0,0,0,0,0,0,0,0,1,0,0,0,0,0,1,0,0,1,0,0,0,0,0,0,0,0,0,0,0,0,0,1,0,0,0,0,1,1,0,1,2,0,1,2,2,2,0
"39","6036c21983cfc28099cb4b038d7669a5e01f6cfc7ab6c93199feb3809280ccdf","Absent","Amyotrophic lateral sclerosis","Female",10.1205479452055,64,"ALS","Bulbar",0,1,0,2,0,1,0,1,1,1,0,0,0,1,0,1,0,1,1,1,0,1,0,0,0,0,0,0,0,0,0,0,1,0,0,0,0,0,0,1,0,0,1,0,2,0,1,2,2,0,2,2,2,0
"40","62c1e19e708b2aab9abc7bac598c39752755707f0985ffe9d80b305663715745","Expansion","Amyotrophic lateral sclerosis","Female",1.41369863013699,62,"ALSci","Bulbar",1,3,2,1,1,2,0,0,2,3,0,1,0,2,2,0,0,0,0,0,1,0,0,0,1,1,1,0,2,0,0,1,1,0,0,0,0,0,0,1,0,0,1,1,1,0,2,2,0,0,1,1,1,0
"41","700d793c99757d467e92e91f4122fcc1957924c95a15b6e2bc41d2bb005c1aad","Absent","Amyotrophic lateral sclerosis","Male",6.14520547945205,52,"ALS","Limb",0,0,0,1,0,0,0,1,0,0,1,2,0,1,2,0,0,0,0,0,1,0,2,2,1,0,0,0,1,0,0,0,1,0,0,0,0,0,1,0,0,0,0,1,0,0,0,0,2,1,0,0,0,0
"42","70828a7466dd062165bffb41f739d17571897434c66c89ef68849fc82c013c8e","Absent","Amyotrophic lateral sclerosis","Female",2.05205479452055,67,"ALS","Limb",0,0,1,0,0,0,0,0,0,0,2,1,1,0,0,2,0,2,2,1,0,2,0,0,1,1,1,0,0,0,0,1,0,0,0,0,0,0,0,0,0,0,0,1,0,0,0,1,1,0,1,1,1,0
"43","797061643a7afb2c06e59d544dfc19dbcc7048ba30f4fb952c3101ec413fc31c","Expansion","Amyotrophic lateral sclerosis - dementia","Male",2.48767123287671,54,"ALS-FTD","Limb",1,1,1,1,0,1,0,1,0,0,1,2,0,0,0,2,0,1,1,0,0,0,0,0,1,2,2,1,2,0,2,0,0,0,0,0,0,0,2,0,0,0,0,0,0,0,0,0,0,0,0,0,0,0
"44","7ba013c96aa84914f8c7a0a769388a7963ed0794e4e0426c5423fc86bd637e2b","Absent","Amyotrophic lateral sclerosis","Female",2.36164383561644,59,"ALS","Limb",0,1,1,2,0,2,0,2,0,1,1,0,2,2,1,0,0,1,1,0,0,0,0,0,0,0,0,0,1,0,0,0,0,0,0,0,0,1,0,1,0,0,0,2,1,0,0,0,0,0,1,2,2,0
"45","7fe6e3c3eeeec5c89462bfbe7a0c63ca6ef7859645df6abdddc42a8cd741fccb","Absent","Amyotrophic lateral sclerosis","Male",3.01369863013699,46,"ALS","Limb",0,0,1,0,0,0,0,0,0,0,0,0,2,0,0,2,0,0,0,0,2,0,0,0,0,0,0,0,1,0,1,0,1,0,0,0,0,0,1,0,0,0,2,2,0,1,1,1,1,1,0,0,0,0
"46","81c339f536cf6638c6382cb4477531caf350b88adfe1d2299a8019c9c9086547","Absent","Amyotrophic lateral sclerosis","Female",9.57534246575342,62,"ALS","Limb",0,0,1,2,0,0,0,0,0,0,1,0,1,0,0,0,0,0,0,0,2,1,0,0,1,1,1,0,2,1,0,1,0,0,0,0,0,0,1,0,0,0,1,0,2,0,0,1,0,0,0,0,0,0
"47","82a1898a1e0188de9080f9fc857c3b07dcbec1573217b8e864fa529b1f2f3299","Absent","Amyotrophic lateral sclerosis","Male",3.28493150684932,69,"ALS","Limb",2,NA,NA,NA,NA,NA,2,NA,2,NA,1,1,0,1,1,0,1,0,0,0,1,0,0,0,0,1,1,0,1,1,0,1,0,0,0,0,0,0,0,0,0,0,1,2,1,0,0,1,1,1,1,1,1,0
"48","87ef6efc30f897fe304ad1d182da0a0a7a18d80b08666a27ee33372eeb7311d9","Absent","Amyotrophic lateral sclerosis","Female",4.65753424657534,87,"ALS","Limb",2,0,2,0,0,0,0,0,0,0,1,1,0,1,1,0,0,2,2,0,1,0,1,1,0,0,0,0,2,2,0,1,0,1,1,0,0,1,1,0,0,0,0,1,0,1,0,1,1,0,0,0,0,1
"49","881c692113ef745a67a9d78a8483af83908116902052284568e90d3bdd374ecd","Absent","Amyotrophic lateral sclerosis","Male",3.19178082191781,83,"ALS","Limb",1,2,2,2,1,3,1,2,2,2,1,1,1,1,1,0,0,0,0,0,0,1,1,1,1,0,0,0,1,1,1,2,0,0,0,0,0,1,0,0,0,0,1,0,1,0,0,1,0,1,2,2,2,1
"50","8beae9c330d6bb58712008d12d914c4a3451d0720f3e660eaa179a5f92dcfb55","Absent","Amyotrophic lateral sclerosis","Female",2.61917808219178,67,"ALS","Limb",0,0,1,1,0,0,0,0,0,0,0,1,1,1,1,0,0,0,0,0,1,0,1,1,1,0,0,0,0,0,1,0,0,0,0,0,0,0,0,0,0,0,2,0,0,0,0,1,1,0,1,1,1,0
"51","8fa0e8908a9eda99ef45b2d80984a920fcc9207a60041d0fd06880b22120a959","Absent","Amyotrophic lateral sclerosis","Male",1.95890410958904,66,"ALS","Limb",NA,0,2,1,0,0,0,0,0,0,0,1,0,0,0,0,0,0,0,0,1,0,0,0,1,0,0,0,1,0,1,0,1,0,0,0,0,0,0,0,1,0,0,0,0,0,0,1,2,0,0,0,0,0
"52","924d72844efd7c177d834b42bd1ab7777cc019d3595aa29212d8eafbfd3cc2d6","Absent","Amyotrophic lateral sclerosis","Female",4.91232876712329,72,"ALS","Limb",0,0,0,1,0,0,0,0,0,0,0,0,0,1,1,0,0,0,0,2,2,0,1,1,0,0,0,0,0,0,1,0,0,0,0,0,0,0,1,0,0,0,1,1,1,0,0,1,0,1,1,1,1,0
"53","93f445a62c76fee9195bb69f61861e07cd40875734dcaa36824381bdbb8c9ce3","Absent","Amyotrophic lateral sclerosis","Male",5.27397260273973,55,"ALS","Limb",0,0,1,3,0,0,0,0,0,0,0,0,0,1,1,0,0,1,1,0,1,0,0,0,1,0,0,0,1,0,0,1,0,0,0,0,0,0,1,0,0,0,1,1,0,0,1,2,0,0,1,1,1,0
"54","93fdf8c857d89c984dd3a7b7f012dea763b17c9409457475a4728553334334ed","Expansion","Amyotrophic lateral sclerosis","Male",2.89041095890411,64,"ALS","Bulbar",0,0,2,1,0,0,0,0,0,0,1,2,0,2,2,0,0,1,1,1,0,0,0,0,2,2,2,0,2,0,0,1,0,0,0,0,0,1,1,0,0,0,0,1,1,0,1,1,0,0,0,0,0,0
"55","955ede58253af68ebfe68e4360600cb159b57247cef0fd883658d6838e1b1acf","Absent","Amyotrophic lateral sclerosis","Female",4.31506849315068,59,"ALS","Limb",0,0,1,1,0,0,0,0,0,0,2,1,1,1,1,0,0,0,0,0,0,0,0,0,1,0,0,0,1,0,2,0,0,0,0,0,0,0,0,0,0,0,0,1,1,0,0,2,0,0,0,0,0,0
"56","9568de2d6ba48166792d814e1c6c340035220ca24be2d43bdedea05d4094f6fd","Absent","Amyotrophic lateral sclerosis","Female",3.41917808219178,62,"ALS","Limb",0,0,0,2,0,0,0,1,0,0,0,1,0,1,1,0,0,1,1,0,2,0,0,0,2,0,0,0,2,0,0,0,0,0,0,0,0,0,0,0,0,0,0,0,1,0,0,0,2,0,0,0,0,0
"57","98bf455963c3f16e2d2ea2a4245eee2658c25d17cf2d3e3665c68308c30e3243","Absent","Amyotrophic lateral sclerosis","Male",2.02191780821918,68,"ALS","Limb",0,2,2,3,0,0,0,2,0,0,1,1,0,0,0,1,0,1,1,1,0,1,0,0,2,0,0,0,0,1,0,2,0,0,0,0,0,0,0,0,1,0,0,0,0,0,0,1,1,1,1,1,1,0
"58","9aba49abe376c004fb401e92b3830eba07ff2defadc8f94dcf593871f3db2ea8","Absent","Amyotrophic lateral sclerosis","Male",1.33150684931507,78,"ALS","Limb",0,0,0,0,0,0,0,0,1,0,0,1,0,1,1,1,0,0,0,0,1,0,0,0,0,0,0,0,1,0,1,1,0,0,0,0,0,1,0,1,0,0,0,0,1,0,0,2,0,0,0,0,0,0
"59","a193f30e5f2a95fdd7ea91c382f935ec5629c256a205e5f57c315fb292a8cfc6","Absent","Amyotrophic lateral sclerosis","Male",0.997260273972603,76,"ALS","Bulbar",0,0,0,0,0,0,0,0,0,0,2,0,1,0,0,1,0,0,0,1,2,0,1,1,1,1,1,1,1,1,1,2,1,0,0,0,0,0,0,2,1,0,0,1,0,0,1,1,0,1,1,1,1,0
"60","a4f879b835c7bff275eeabd8aebfcb6515afee7219c2f3a0f539a7119c896104","Expansion","Amyotrophic lateral sclerosis","Male",0.76986301369863,42,"ALS","Bulbar",0,0,1,3,0,0,0,1,1,0,1,0,2,1,1,0,0,0,0,1,1,0,0,0,0,1,1,0,0,0,0,1,0,0,0,0,0,0,1,2,0,0,1,0,1,1,1,0,0,0,0,0,0,0
"61","a68f1d7aac5bc9aab9972c5457e0c2870fd807fd6a4bae8972c339284e41a9dc","Expansion","Amyotrophic lateral sclerosis","Female",1.05205479452055,55,"ALS","Limb",0,1,1,3,0,0,1,0,0,0,1,2,0,1,1,1,0,2,2,0,1,0,0,0,0,1,1,0,2,0,1,1,1,0,0,1,1,0,1,0,0,0,2,0,0,0,0,1,0,0,0,0,0,0
"62","b103845b9c2ef85a30e9b09bf6f75e7986c0119c7d6cc40d0e51fb502b9b51db","Expansion","Amyotrophic lateral sclerosis","Male",0.920547945205479,71,"ALS","Limb",0,0,1,0,0,0,0,0,0,0,1,2,0,1,1,0,0,1,1,0,1,0,0,0,0,1,1,0,1,0,1,0,0,0,0,0,0,0,0,0,0,0,1,2,0,0,0,1,0,1,2,2,2,0
"63","b5fad9d70e686afd7c0c7ff13c119b41f560a5d2e5585f5a9f3985638580f855","Absent","Amyotrophic lateral sclerosis","Female",3.24931506849315,75,"ALS","Bulbar",1,1,1,1,1,1,1,1,1,2,2,0,1,1,1,1,0,0,0,1,0,0,0,0,0,0,0,0,1,0,1,1,1,0,0,0,0,0,0,0,0,0,1,0,2,0,1,0,0,0,0,0,0,0
"64","b88ef192774cec2072776a6950974c09c395df14e9f675972134dc4dabb5888d","Expansion","Amyotrophic lateral sclerosis","Male",0.978082191780822,60,"ALS","Limb",0,0,0,0,0,0,0,0,0,0,1,0,0,1,1,0,0,0,0,0,1,0,0,0,0,1,1,0,1,0,1,0,0,0,0,0,0,0,0,0,0,0,0,1,0,0,1,1,2,0,1,0,0,0
"65","b96ad69fca42ade25b4ca5b5384a7c4c72cb80715b17c56203e3563e1fbf89e6","Absent","Amyotrophic lateral sclerosis","Female",6.52054794520548,50,"ALS","Limb",0,0,1,1,0,1,0,0,0,0,1,1,0,1,1,1,0,1,1,0,1,0,0,0,1,1,1,0,1,0,0,2,0,0,0,0,0,0,0,0,0,0,2,1,1,0,0,1,0,0,0,0,0,0
"66","bae0dff19c456453ec28446922b6813db24c493b46d19fd94cfd5b3112a72d53","Absent","Amyotrophic lateral sclerosis","Female",2.63013698630137,73,"ALS","Limb",1,1,2,1,0,0,0,1,0,1,1,0,0,1,1,1,0,1,1,1,0,0,0,0,0,0,0,0,0,0,1,0,1,0,0,0,0,0,0,0,0,0,0,0,1,1,0,0,0,0,1,1,1,0
"67","bbc6905dfb2d3189353482e5c667c1dd6bce66958a2b756abb3892426ac2d186","Expansion","Amyotrophic lateral sclerosis","Female",0.736986301369863,71,"ALS","Bulbar",0,0,1,2,0,2,0,0,0,1,2,1,0,0,0,1,0,2,2,0,2,0,0,0,2,2,2,0,1,0,1,0,0,0,0,0,0,0,0,0,0,0,2,1,2,1,1,1,1,1,0,1,1,0
"68","bc7ed20a12384f9b88ab93f688e59e748fa866e08bd9881e4638934acdd4e26c","Absent","Amyotrophic lateral sclerosis","Female",5.34794520547945,66,"ALS","Limb",0,1,0,2,0,2,0,2,3,2,0,1,0,0,1,1,0,0,0,2,1,0,0,0,0,0,0,0,0,0,0,1,0,0,0,0,0,0,0,0,0,0,0,2,0,2,1,1,0,1,0,0,0,0
"69","bf7914f29ca56b2de525e3d8b2658661a1eb13f94158dd352ade102a35997f67","Absent","Amyotrophic lateral sclerosis","Male",9.13424657534247,85,"ALS","Limb",1,0,1,0,1,0,0,0,0,0,2,0,0,0,0,1,0,1,1,0,1,0,1,1,1,1,1,0,1,0,0,2,0,0,0,0,0,0,0,1,0,0,1,2,1,0,0,0,0,1,2,2,2,0
"70","bfb00067dd4ff5cf7160d0c82371acdb969c245d868d62bb49c578244ca0addf","Absent","Amyotrophic lateral sclerosis","Female",0.70958904109589,76,"ALS-FTD","Cognitive",0,2,0,2,0,2,0,2,0,0,2,1,2,0,0,0,0,1,1,1,1,0,1,1,0,0,0,0,1,0,0,1,1,0,0,0,0,0,1,0,0,0,2,2,0,0,1,1,1,0,1,1,1,0
"71","c317728540c6256a93573b2a66d2745bb9b5a643106a157a1d7cf01d00f53aef","Expansion","Amyotrophic lateral sclerosis","Female",2.12602739726027,68,"ALS-FTD","Bulbar",1,2,1,2,1,1,1,2,0,2,1,0,1,1,0,1,0,0,0,0,0,1,0,0,1,1,1,1,1,0,0,1,0,0,0,0,0,0,2,0,0,0,0,1,1,0,0,2,0,0,1,1,1,0
"72","c3187e2de4e6bfb16471344432eb7360eec04e889bbeb2167dc9595b88422f89","Absent","Amyotrophic lateral sclerosis","Male",3.5013698630137,63,"ALS","Limb",0,0,1,0,0,0,0,0,0,0,0,1,0,1,1,1,0,0,0,0,2,0,0,0,1,0,0,1,1,0,1,1,0,0,0,0,0,0,0,1,1,0,1,1,1,0,0,1,1,0,2,2,2,0
"73","c74ef38a185751f71203e6f6204332d10a1039209418122138796989c2cc80f0","Absent","Amyotrophic lateral sclerosis","Male",2.65479452054795,65,"ALS","Limb",0,0,0,1,0,2,0,1,0,1,0,0,1,1,1,1,0,0,0,0,1,0,0,0,0,0,0,0,0,0,0,1,0,0,0,0,0,0,0,1,0,0,1,0,2,2,1,2,1,0,0,0,0,0
"74","c8bef5bceb6cb1a6294814aada7e1fb1b85807dfae0a94049ac92fcf06016405","Absent","Amyotrophic lateral sclerosis","Female",14.7780821917808,75,"ALS","Limb",0,0,0,0,0,0,0,0,0,0,1,0,1,1,2,0,0,1,1,0,1,0,0,0,1,0,0,0,1,0,1,1,0,0,0,0,0,0,0,0,0,0,2,2,1,0,0,1,1,0,0,0,0,0
"75","d0e6dbbad124d216ee95f450e2d13aea90746c9b9af858ec93d57bba3b5662c8","Absent","Amyotrophic lateral sclerosis","Female",4.48767123287671,59,"ALS","Limb",0,0,0,1,0,1,1,1,0,0,1,1,1,1,1,0,0,0,0,1,1,1,0,0,1,0,0,0,1,0,0,1,0,0,0,0,0,0,0,1,1,0,1,1,1,0,0,1,0,0,2,2,2,0
"76","d1e8875213bc472fe3c0f140a081c03154cc1abe56f839e4018c4da1fb934b0e","Absent","Amyotrophic lateral sclerosis - dementia","Female",0.813698630136986,70,"ALS-FTD","Cognitive",1,2,2,3,0,2,0,2,0,2,1,0,1,2,1,0,0,0,0,2,0,0,0,0,2,2,2,2,2,0,1,0,1,0,0,0,0,0,0,2,0,0,0,1,0,0,0,1,0,1,2,2,2,0
"77","d939c80688115faa16ded3b6e4715502fa9cb8dfa6f61752d288980ce4d7d67a","Expansion","Amyotrophic lateral sclerosis","Female",2.17534246575342,75,"ALS","Bulbar",1,2,1,2,0,0,0,1,1,2,2,0,0,1,1,1,1,1,1,1,1,0,0,0,1,1,1,0,2,1,0,1,1,0,0,0,0,0,0,0,0,0,1,2,1,0,0,0,0,1,2,1,1,0
"78","e28dc837680176cbf574b8d92a503afb044285e6ff01f92d7e90f40cd5817974","Absent","Amyotrophic lateral sclerosis","Female",2.27397260273973,63,"ALS","Limb",0,0,0,0,0,0,0,0,0,0,0,1,0,2,2,0,0,0,0,1,2,0,0,0,0,0,0,0,2,1,0,0,0,0,0,0,0,0,1,0,0,0,1,0,0,0,0,2,1,0,1,1,1,0
"79","ebd45711cf0643536d4de97b12b50883dcae16e6f27a12bc255998419d3791dd","Absent","Amyotrophic lateral sclerosis","Female",3.95890410958904,67,"ALS","Bulbar",0,0,1,0,0,0,0,0,0,0,0,0,0,0,0,1,0,1,1,0,2,0,0,0,1,0,0,1,2,0,1,0,1,0,0,0,0,0,0,0,1,0,0,1,1,0,0,1,0,0,1,1,1,0
"80","ed6e77a202656184e145293f5c5b487a9d907e0dd71fe03967c3196275ca5c7e","Absent","Amyotrophic lateral sclerosis","Male",2.6958904109589,53,"ALS","Limb",0,0,2,NA,0,NA,0,1,0,0,2,0,0,0,1,1,0,0,0,0,0,0,0,0,0,0,0,0,1,1,0,2,0,0,0,1,1,0,0,1,1,0,2,0,1,0,0,0,1,0,0,0,0,0
"81","ee427c3d10f9fe143f9ac2bc8b70411c53cbd9eac67b0fb5074320cba1fde5d1","Expansion","Amyotrophic lateral sclerosis","Male",2.60821917808219,70,"ALS","Bulbar",0,0,0,2,0,0,0,0,0,0,2,0,0,0,0,2,0,1,1,0,1,1,1,1,1,1,1,1,1,0,2,2,0,0,0,0,0,0,0,0,0,0,0,1,0,0,1,0,2,0,0,0,0,0
"82","ef0d4ed9258b2c6f881af83f5faa11c175124a3053b2839c5855febc2af145fd","Absent","Amyotrophic lateral sclerosis - dementia","Female",1.54794520547945,51,"ALS-FTD","Cognitive",3,3,3,3,2,3,2,1,1,3,1,2,0,1,0,1,0,0,0,1,0,0,0,0,0,1,1,1,0,0,1,2,0,0,0,0,0,0,0,0,1,0,0,2,2,0,0,0,1,1,0,0,0,0
"83","f72fc9f04dfa95d93c3c548d36cbc61231ae87912b4c37ca8eab9f2882953482","Expansion","Amyotrophic lateral sclerosis","Male",2.4,57,"ALS","Bulbar",0,0,1,2,0,0,0,0,0,0,1,0,1,2,2,0,1,1,1,0,2,0,1,1,2,1,1,0,1,0,2,2,0,0,0,0,0,0,0,0,0,0,0,2,0,0,0,0,1,0,0,0,0,0
"84","f7fcdc64ceee6118dd47817a6e887be2a0f4811bf9b13d55f6c623107a2cb362","Absent","Amyotrophic lateral sclerosis","Male",1.59178082191781,63,"ALS","Respiratory",0,0,2,0,0,0,0,0,0,0,0,0,1,1,2,0,0,2,2,2,0,1,0,0,1,1,1,0,1,1,1,0,1,1,1,0,0,0,0,0,0,0,1,1,0,0,1,1,0,1,0,0,0,0
"85","f853b4b72ad34ded4a0ec86f1356dc7fec85a70a76d2f3cc4f2b35fd872a169d","Absent","Amyotrophic lateral sclerosis","Male",5.40821917808219,51,"ALS","Limb",0,0,2,2,0,0,0,0,0,0,1,0,0,0,1,0,0,2,2,0,0,0,0,1,1,0,0,0,1,0,1,0,0,0,0,0,0,0,1,0,0,0,1,2,2,1,0,1,0,0,0,0,0,1
"86","fca436e7399644c1c49549a1f79028854fa1cef05046cac43def68cc4c328bcd","Absent","Amyotrophic lateral sclerosis","Female",10.2246575342466,65,"ALS","Limb",0,0,0,0,0,0,0,0,0,0,1,0,2,1,0,1,0,0,0,1,0,0,0,0,0,0,0,0,0,0,1,0,0,0,0,0,0,0,1,1,0,0,0,1,1,0,0,0,0,0,1,1,1,0
"87","ff1d0d3d6c798a7d76343297f736a978a77f37de293db77a5c98d6ed3f7f8c8c","Absent","Amyotrophic lateral sclerosis","Male",2.41369863013699,58,"ALS","Limb",0,0,1,2,0,0,0,0,0,0,0,0,0,1,1,0,0,0,0,0,1,1,1,1,1,1,1,0,2,0,0,1,0,0,0,0,0,0,0,1,0,0,2,2,1,1,0,0,0,2,0,0,0,0
